{"cameraMode":{"drawMode":0,"name":"Shaded","section":"Shading Mode"},"sceneLighting":false,"audioPlay":false,"sceneViewState":{"m_AlwaysRefresh":false,"showFog":false,"showSkybox":false,"showFlares":false,"showImageEffects":false,"showParticleSystems":false,"showVisualEffectGraphs":true,"m_FxEnabled":false},"in2DMode":false,"pivot":{"x":-0.014072895050048828,"y":0.9165834188461304,"z":-0.0825527012348175},"rotation":{"x":-0.030458299443125726,"y":-0.9690975546836853,"z":0.15719932317733766,"w":-0.18777751922607423},"size":1.1960430145263672,"orthographic":false}