{"cameraMode":{"drawMode":0,"name":"Shaded","section":"Shading Mode"},"sceneLighting":true,"audioPlay":false,"sceneViewState":{"m_AlwaysRefresh":false,"showFog":true,"showSkybox":true,"showFlares":true,"showImageEffects":true,"showParticleSystems":true,"showVisualEffectGraphs":true,"m_FxEnabled":false},"in2DMode":false,"pivot":{"x":8.282035827636719,"y":-4.0367021560668949,"z":0.6233839392662048},"rotation":{"x":-0.019454283639788629,"y":0.9674925804138184,"z":-0.24014969170093537,"w":-0.07799212634563446},"size":10.392304420471192,"orthographic":false}