{"cameraMode":{"drawMode":0,"name":"Shaded","section":"Shading Mode"},"sceneLighting":true,"audioPlay":false,"sceneViewState":{"m_AlwaysRefresh":false,"showFog":true,"showSkybox":true,"showFlares":true,"showImageEffects":true,"showParticleSystems":true,"showVisualEffectGraphs":true,"m_FxEnabled":false},"in2DMode":false,"pivot":{"x":13.574647903442383,"y":-1.2604143619537354,"z":3.961178779602051},"rotation":{"x":0.06303954869508743,"y":-0.7830105423927307,"z":0.08037394285202027,"w":0.6138108968734741},"size":18.828752517700197,"orthographic":false}