{"cameraMode":{"drawMode":0,"name":"Shaded","section":"Shading Mode"},"sceneLighting":true,"audioPlay":false,"sceneViewState":{"m_AlwaysRefresh":false,"showFog":true,"showSkybox":true,"showFlares":true,"showImageEffects":true,"showParticleSystems":true,"showVisualEffectGraphs":true,"m_FxEnabled":false},"in2DMode":false,"pivot":{"x":-16.928274154663087,"y":-56.954063415527347,"z":110.2311782836914},"rotation":{"x":0.2210751622915268,"y":-0.1115289106965065,"z":0.025449512526392938,"w":0.9685959219932556},"size":106.64984893798828,"orthographic":false}