{"cameraMode":{"drawMode":0,"name":"Shaded","section":"Shading Mode"},"sceneLighting":true,"audioPlay":false,"sceneViewState":{"m_AlwaysRefresh":false,"showFog":true,"showSkybox":true,"showFlares":true,"showImageEffects":true,"showParticleSystems":true,"showVisualEffectGraphs":true,"m_FxEnabled":false},"in2DMode":false,"pivot":{"x":12.939846992492676,"y":7.691961765289307,"z":16.47795295715332},"rotation":{"x":0.010403800755739212,"y":-0.9406336545944214,"z":0.3383621871471405,"w":0.028527941554784776},"size":0.8424136638641357,"orthographic":false}