{"cameraMode":{"drawMode":0,"name":"Shaded","section":"Shading Mode"},"sceneLighting":true,"audioPlay":false,"sceneViewState":{"m_AlwaysRefresh":false,"showFog":true,"showSkybox":true,"showFlares":true,"showImageEffects":true,"showParticleSystems":true,"showVisualEffectGraphs":true,"m_FxEnabled":false},"in2DMode":false,"pivot":{"x":6.152344703674316,"y":-2.017706871032715,"z":0.08333683013916016},"rotation":{"x":-0.019454283639788629,"y":0.9674925804138184,"z":-0.24014969170093537,"w":-0.07799212634563446},"size":15.083477020263672,"orthographic":false}