{"cameraMode":{"drawMode":0,"name":"Shaded","section":"Shading Mode"},"sceneLighting":true,"audioPlay":false,"sceneViewState":{"m_AlwaysRefresh":false,"showFog":true,"showSkybox":true,"showFlares":true,"showImageEffects":true,"showParticleSystems":true,"showVisualEffectGraphs":true,"m_FxEnabled":false},"in2DMode":false,"pivot":{"x":-363.32940673828127,"y":55.375091552734378,"z":147.99505615234376},"rotation":{"x":-0.05190429836511612,"y":-0.5466997027397156,"z":-0.03403164818882942,"w":0.835106372833252},"size":205.21192932128907,"orthographic":false}